country,cluster_final,income_level_mode
Algeria,1,LM
Algeria,1,LM
Algeria,1,LM
Algeria,1,LM
Algeria,1,LM
Algeria,1,LM
Algeria,1,LM
Algeria,1,LM
Algeria,1,LM
Algeria,1,LM
Algeria,1,LM
Algeria,1,LM
Algeria,1,LM
Algeria,1,LM
Algeria,1,LM
Algeria,1,LM
Algeria,1,LM
Algeria,1,LM
Algeria,1,LM
Algeria,1,LM
Algeria,1,LM
Algeria,1,LM
Algeria,1,LM
Algeria,1,LM
Algeria,1,LM
Algeria,1,LM
Algeria,1,LM
Algeria,1,LM
Algeria,1,LM
Algeria,1,LM
Algeria,1,LM
Algeria,1,LM
Algeria,1,LM
Algeria,1,LM
Algeria,1,LM
Algeria,1,LM
Algeria,1,LM
Algeria,1,LM
Algeria,1,LM
Algeria,1,LM
Algeria,1,LM
Algeria,1,LM
Algeria,1,LM
Algeria,1,LM
Algeria,1,LM
Algeria,1,LM
Algeria,1,LM
Algeria,1,LM
Algeria,1,LM
Algeria,1,LM
Algeria,1,LM
Algeria,1,LM
Algeria,1,LM
Algeria,1,LM
Algeria,1,LM
Algeria,1,LM
Algeria,1,LM
Algeria,1,LM
Algeria,1,LM
Algeria,1,LM
Algeria,1,LM
Algeria,1,LM
Algeria,1,LM
Algeria,1,LM
Algeria,1,LM
Algeria,1,LM
Algeria,1,LM
Algeria,1,LM
Algeria,1,LM
Algeria,1,LM
Algeria,1,LM
Algeria,1,LM
Algeria,1,LM
Algeria,1,LM
Algeria,1,LM
Algeria,1,LM
Algeria,1,LM
Algeria,1,LM
Algeria,1,LM
Algeria,1,LM
Algeria,1,LM
Algeria,1,LM
Algeria,1,LM
Algeria,1,LM
Algeria,1,LM
Algeria,1,LM
Algeria,1,LM
Algeria,1,LM
Algeria,1,LM
Algeria,1,LM
Algeria,1,LM
Algeria,1,LM
Algeria,1,LM
Algeria,1,LM
Algeria,1,LM
Algeria,1,LM
Algeria,1,LM
Algeria,1,LM
Algeria,1,LM
Algeria,1,LM
Algeria,1,LM
Algeria,1,LM
Australia,1,H
Australia,1,H
Australia,1,H
Australia,1,H
Australia,1,H
Australia,1,H
Australia,1,H
Australia,1,H
Australia,1,H
Australia,1,H
Australia,1,H
Australia,1,H
Australia,1,H
Australia,1,H
Australia,1,H
Australia,1,H
Australia,1,H
Australia,1,H
Australia,1,H
Australia,1,H
Australia,1,H
Australia,1,H
Australia,1,H
Australia,1,H
Australia,1,H
Australia,1,H
Australia,1,H
Australia,1,H
Australia,1,H
Australia,1,H
Australia,1,H
Australia,1,H
Australia,1,H
Australia,1,H
Australia,1,H
Australia,1,H
Australia,1,H
Australia,1,H
Australia,1,H
Australia,1,H
Australia,1,H
Australia,1,H
Australia,1,H
Australia,1,H
Australia,1,H
Australia,1,H
Australia,1,H
Australia,1,H
Australia,1,H
Australia,1,H
Australia,1,H
Australia,1,H
Australia,1,H
Australia,1,H
Australia,1,H
Australia,1,H
Australia,1,H
Australia,1,H
Australia,1,H
Australia,1,H
Australia,1,H
Australia,1,H
Australia,1,H
Australia,1,H
Australia,1,H
Australia,1,H
Australia,1,H
Australia,1,H
Australia,1,H
Australia,1,H
Australia,1,H
Australia,1,H
Australia,1,H
Australia,1,H
Australia,1,H
Australia,1,H
Australia,1,H
Australia,1,H
Australia,1,H
Australia,1,H
Australia,1,H
Australia,1,H
Australia,1,H
Australia,1,H
Australia,1,H
Australia,1,H
Australia,1,H
Australia,1,H
Australia,1,H
Australia,1,H
Australia,1,H
Australia,1,H
Australia,1,H
Australia,1,H
Australia,1,H
Australia,1,H
Australia,1,H
Australia,1,H
Australia,1,H
Australia,1,H
Australia,1,H
Australia,1,H
Austria,2,H
Austria,2,H
Austria,2,H
Austria,2,H
Austria,2,H
Austria,2,H
Austria,2,H
Austria,2,H
Austria,2,H
Austria,2,H
Austria,2,H
Austria,2,H
Austria,2,H
Austria,2,H
Austria,2,H
Austria,2,H
Austria,2,H
Austria,2,H
Austria,2,H
Austria,2,H
Austria,2,H
Austria,2,H
Austria,2,H
Austria,2,H
Austria,2,H
Austria,2,H
Austria,2,H
Austria,2,H
Austria,2,H
Austria,2,H
Austria,2,H
Austria,2,H
Austria,2,H
Austria,2,H
Austria,2,H
Austria,2,H
Austria,2,H
Austria,2,H
Austria,2,H
Austria,2,H
Austria,2,H
Austria,2,H
Austria,2,H
Austria,2,H
Austria,2,H
Austria,2,H
Austria,2,H
Austria,2,H
Austria,2,H
Austria,2,H
Austria,2,H
Austria,2,H
Austria,2,H
Austria,2,H
Austria,2,H
Austria,2,H
Austria,2,H
Austria,2,H
Austria,2,H
Austria,2,H
Austria,2,H
Austria,2,H
Austria,2,H
Austria,2,H
Austria,2,H
Austria,2,H
Austria,2,H
Austria,2,H
Austria,2,H
Austria,2,H
Austria,2,H
Austria,2,H
Austria,2,H
Austria,2,H
Austria,2,H
Austria,2,H
Austria,2,H
Austria,2,H
Austria,2,H
Austria,2,H
Austria,2,H
Austria,2,H
Austria,2,H
Austria,2,H
Austria,2,H
Austria,2,H
Austria,2,H
Austria,2,H
Austria,2,H
Austria,2,H
Austria,2,H
Austria,2,H
Austria,2,H
Austria,2,H
Austria,2,H
Austria,2,H
Austria,2,H
Austria,2,H
Austria,2,H
Austria,2,H
Austria,2,H
Austria,2,H
Bolivia,1,LM
Bolivia,1,LM
Bolivia,1,LM
Bolivia,1,LM
Bolivia,1,LM
Bolivia,1,LM
Bolivia,1,LM
Bolivia,1,LM
Bolivia,1,LM
Bolivia,1,LM
Bolivia,1,LM
Bolivia,1,LM
Bolivia,1,LM
Bolivia,1,LM
Bolivia,1,LM
Bolivia,1,LM
Bolivia,1,LM
Bolivia,1,LM
Bolivia,1,LM
Bolivia,1,LM
Bolivia,1,LM
Bolivia,1,LM
Bolivia,1,LM
Bolivia,1,LM
Bolivia,1,LM
Bolivia,1,LM
Bolivia,1,LM
Bolivia,1,LM
Bolivia,1,LM
Bolivia,1,LM
Bolivia,1,LM
Bolivia,1,LM
Bolivia,1,LM
Bolivia,1,LM
Bolivia,1,LM
Bolivia,1,LM
Bolivia,1,LM
Bolivia,1,LM
Bolivia,1,LM
Bolivia,1,LM
Bolivia,1,LM
Bolivia,1,LM
Bolivia,1,LM
Bolivia,1,LM
Bolivia,1,LM
Bolivia,1,LM
Bolivia,1,LM
Bolivia,1,LM
Bolivia,1,LM
Bolivia,1,LM
Bolivia,1,LM
Bolivia,1,LM
Bolivia,1,LM
Bolivia,1,LM
Bolivia,1,LM
Bolivia,1,LM
Bolivia,1,LM
Bolivia,1,LM
Bolivia,1,LM
Bolivia,1,LM
Bolivia,1,LM
Bolivia,1,LM
Bolivia,1,LM
Bolivia,1,LM
Bolivia,1,LM
Bolivia,1,LM
Bolivia,1,LM
Bolivia,1,LM
Bolivia,1,LM
Bolivia,1,LM
Bolivia,1,LM
Bolivia,1,LM
Bolivia,1,LM
Bolivia,1,LM
Bolivia,1,LM
Bolivia,1,LM
Bolivia,1,LM
Bolivia,1,LM
Bolivia,1,LM
Bolivia,1,LM
Bolivia,1,LM
Bolivia,1,LM
Bolivia,1,LM
Bolivia,1,LM
Bolivia,1,LM
Bolivia,1,LM
Bolivia,1,LM
Bolivia,1,LM
Bolivia,1,LM
Bolivia,1,LM
Bolivia,1,LM
Bolivia,1,LM
Bolivia,1,LM
Bolivia,1,LM
Bolivia,1,LM
Bolivia,1,LM
Bolivia,1,LM
Bolivia,1,LM
Bolivia,1,LM
Bolivia,1,LM
Bolivia,1,LM
Bolivia,1,LM
Bosnia and Herz.,2,UM
Bosnia and Herz.,2,UM
Bosnia and Herz.,2,UM
Bosnia and Herz.,2,UM
Bosnia and Herz.,2,UM
Bosnia and Herz.,2,UM
Bosnia and Herz.,2,UM
Bosnia and Herz.,2,UM
Bosnia and Herz.,2,UM
Bosnia and Herz.,2,UM
Bosnia and Herz.,2,UM
Bosnia and Herz.,2,UM
Bosnia and Herz.,2,UM
Bosnia and Herz.,2,UM
Bosnia and Herz.,2,UM
Bosnia and Herz.,2,UM
Bosnia and Herz.,2,UM
Bosnia and Herz.,2,UM
Bosnia and Herz.,2,UM
Bosnia and Herz.,2,UM
Bosnia and Herz.,2,UM
Bosnia and Herz.,2,UM
Bosnia and Herz.,2,UM
Bosnia and Herz.,2,UM
Bosnia and Herz.,2,UM
Bosnia and Herz.,2,UM
Bosnia and Herz.,2,UM
Bosnia and Herz.,2,UM
Bosnia and Herz.,2,UM
Bosnia and Herz.,2,UM
Bosnia and Herz.,2,UM
Bosnia and Herz.,2,UM
Bosnia and Herz.,2,UM
Bosnia and Herz.,2,UM
Bosnia and Herz.,2,UM
Bosnia and Herz.,2,UM
Bosnia and Herz.,2,UM
Bosnia and Herz.,2,UM
Bosnia and Herz.,2,UM
Bosnia and Herz.,2,UM
Bosnia and Herz.,2,UM
Bosnia and Herz.,2,UM
Bosnia and Herz.,2,UM
Bosnia and Herz.,2,UM
Bosnia and Herz.,2,UM
Bosnia and Herz.,2,UM
Bosnia and Herz.,2,UM
Bosnia and Herz.,2,UM
Bosnia and Herz.,2,UM
Bosnia and Herz.,2,UM
Bosnia and Herz.,2,UM
Bosnia and Herz.,2,UM
Bosnia and Herz.,2,UM
Bosnia and Herz.,2,UM
Bosnia and Herz.,2,UM
Bosnia and Herz.,2,UM
Bosnia and Herz.,2,UM
Bosnia and Herz.,2,UM
Bosnia and Herz.,2,UM
Bosnia and Herz.,2,UM
Bosnia and Herz.,2,UM
Bosnia and Herz.,2,UM
Bosnia and Herz.,2,UM
Bosnia and Herz.,2,UM
Bosnia and Herz.,2,UM
Bosnia and Herz.,2,UM
Bosnia and Herz.,2,UM
Bosnia and Herz.,2,UM
Bosnia and Herz.,2,UM
Bosnia and Herz.,2,UM
Bosnia and Herz.,2,UM
Bosnia and Herz.,2,UM
Bosnia and Herz.,2,UM
Bosnia and Herz.,2,UM
Bosnia and Herz.,2,UM
Bosnia and Herz.,2,UM
Bosnia and Herz.,2,UM
Bosnia and Herz.,2,UM
Bosnia and Herz.,2,UM
Bosnia and Herz.,2,UM
Bosnia and Herz.,2,UM
Bosnia and Herz.,2,UM
Bosnia and Herz.,2,UM
Bosnia and Herz.,2,UM
Bosnia and Herz.,2,UM
Bosnia and Herz.,2,UM
Bosnia and Herz.,2,UM
Bosnia and Herz.,2,UM
Bosnia and Herz.,2,UM
Bosnia and Herz.,2,UM
Bosnia and Herz.,2,UM
Bosnia and Herz.,2,UM
Bosnia and Herz.,2,UM
Bosnia and Herz.,2,UM
Bosnia and Herz.,2,UM
Bosnia and Herz.,2,UM
Bosnia and Herz.,2,UM
Bosnia and Herz.,2,UM
Bosnia and Herz.,2,UM
Bosnia and Herz.,2,UM
Bosnia and Herz.,2,UM
Bosnia and Herz.,2,UM
Botswana,1,UM
Botswana,1,UM
Botswana,1,UM
Botswana,1,UM
Botswana,1,UM
Botswana,1,UM
Botswana,1,UM
Botswana,1,UM
Botswana,1,UM
Botswana,1,UM
Botswana,1,UM
Botswana,1,UM
Botswana,1,UM
Botswana,1,UM
Botswana,1,UM
Botswana,1,UM
Botswana,1,UM
Botswana,1,UM
Botswana,1,UM
Botswana,1,UM
Botswana,1,UM
Botswana,1,UM
Botswana,1,UM
Botswana,1,UM
Botswana,1,UM
Botswana,1,UM
Botswana,1,UM
Botswana,1,UM
Botswana,1,UM
Botswana,1,UM
Botswana,1,UM
Botswana,1,UM
Botswana,1,UM
Botswana,1,UM
Botswana,1,UM
Botswana,1,UM
Botswana,1,UM
Botswana,1,UM
Botswana,1,UM
Botswana,1,UM
Botswana,1,UM
Botswana,1,UM
Botswana,1,UM
Botswana,1,UM
Botswana,1,UM
Botswana,1,UM
Botswana,1,UM
Botswana,1,UM
Botswana,1,UM
Botswana,1,UM
Botswana,1,UM
Botswana,1,UM
Botswana,1,UM
Botswana,1,UM
Botswana,1,UM
Botswana,1,UM
Botswana,1,UM
Botswana,1,UM
Botswana,1,UM
Botswana,1,UM
Botswana,1,UM
Botswana,1,UM
Botswana,1,UM
Botswana,1,UM
Botswana,1,UM
Botswana,1,UM
Botswana,1,UM
Botswana,1,UM
Botswana,1,UM
Botswana,1,UM
Botswana,1,UM
Botswana,1,UM
Botswana,1,UM
Botswana,1,UM
Botswana,1,UM
Botswana,1,UM
Botswana,1,UM
Botswana,1,UM
Botswana,1,UM
Botswana,1,UM
Botswana,1,UM
Botswana,1,UM
Botswana,1,UM
Botswana,1,UM
Botswana,1,UM
Botswana,1,UM
Botswana,1,UM
Botswana,1,UM
Botswana,1,UM
Botswana,1,UM
Botswana,1,UM
Botswana,1,UM
Botswana,1,UM
Botswana,1,UM
Botswana,1,UM
Botswana,1,UM
Botswana,1,UM
Botswana,1,UM
Botswana,1,UM
Botswana,1,UM
Botswana,1,UM
Botswana,1,UM
Brazil,0,UM
Brazil,0,UM
Brazil,0,UM
Brazil,0,UM
Brazil,0,UM
Brazil,0,UM
Brazil,0,UM
Brazil,0,UM
Brazil,0,UM
Brazil,0,UM
Brazil,0,UM
Brazil,0,UM
Brazil,0,UM
Brazil,0,UM
Brazil,0,UM
Brazil,0,UM
Brazil,0,UM
Brazil,0,UM
Brazil,0,UM
Brazil,0,UM
Brazil,0,UM
Brazil,0,UM
Brazil,0,UM
Brazil,0,UM
Brazil,0,UM
Brazil,0,UM
Brazil,0,UM
Brazil,0,UM
Brazil,0,UM
Brazil,0,UM
Brazil,0,UM
Brazil,0,UM
Brazil,0,UM
Brazil,0,UM
Brazil,0,UM
Brazil,0,UM
Brazil,0,UM
Brazil,0,UM
Brazil,0,UM
Brazil,0,UM
Brazil,0,UM
Brazil,0,UM
Brazil,0,UM
Brazil,0,UM
Brazil,0,UM
Brazil,0,UM
Brazil,0,UM
Brazil,0,UM
Brazil,0,UM
Brazil,0,UM
Brazil,0,UM
Brazil,0,UM
Brazil,0,UM
Brazil,0,UM
Brazil,0,UM
Brazil,0,UM
Brazil,0,UM
Brazil,0,UM
Brazil,0,UM
Brazil,0,UM
Brazil,0,UM
Brazil,0,UM
Brazil,0,UM
Brazil,0,UM
Brazil,0,UM
Brazil,0,UM
Brazil,0,UM
Brazil,0,UM
Brazil,0,UM
Brazil,0,UM
Brazil,0,UM
Brazil,0,UM
Brazil,0,UM
Brazil,0,UM
Brazil,0,UM
Brazil,0,UM
Brazil,0,UM
Brazil,0,UM
Brazil,0,UM
Brazil,0,UM
Brazil,0,UM
Brazil,0,UM
Brazil,0,UM
Brazil,0,UM
Brazil,0,UM
Brazil,0,UM
Brazil,0,UM
Brazil,0,UM
Brazil,0,UM
Brazil,0,UM
Brazil,0,UM
Brazil,0,UM
Brazil,0,UM
Brazil,0,UM
Brazil,0,UM
Brazil,0,UM
Brazil,0,UM
Brazil,0,UM
Brazil,0,UM
Brazil,0,UM
Brazil,0,UM
Brazil,0,UM
Burundi,0,L
Burundi,0,L
Burundi,0,L
Burundi,0,L
Burundi,0,L
Burundi,0,L
Burundi,0,L
Burundi,0,L
Burundi,0,L
Burundi,0,L
Burundi,0,L
Burundi,0,L
Burundi,0,L
Burundi,0,L
Burundi,0,L
Burundi,0,L
Burundi,0,L
Burundi,0,L
Burundi,0,L
Burundi,0,L
Burundi,0,L
Burundi,0,L
Burundi,0,L
Burundi,0,L
Burundi,0,L
Burundi,0,L
Burundi,0,L
Burundi,0,L
Burundi,0,L
Burundi,0,L
Burundi,0,L
Burundi,0,L
Burundi,0,L
Burundi,0,L
Burundi,0,L
Burundi,0,L
Burundi,0,L
Burundi,0,L
Burundi,0,L
Burundi,0,L
Burundi,0,L
Burundi,0,L
Burundi,0,L
Burundi,0,L
Burundi,0,L
Burundi,0,L
Burundi,0,L
Burundi,0,L
Burundi,0,L
Burundi,0,L
Burundi,0,L
Burundi,0,L
Burundi,0,L
Burundi,0,L
Burundi,0,L
Burundi,0,L
Burundi,0,L
Burundi,0,L
Burundi,0,L
Burundi,0,L
Burundi,0,L
Burundi,0,L
Burundi,0,L
Burundi,0,L
Burundi,0,L
Burundi,0,L
Burundi,0,L
Burundi,0,L
Burundi,0,L
Burundi,0,L
Burundi,0,L
Burundi,0,L
Burundi,0,L
Burundi,0,L
Burundi,0,L
Burundi,0,L
Burundi,0,L
Burundi,0,L
Burundi,0,L
Burundi,0,L
Burundi,0,L
Burundi,0,L
Burundi,0,L
Burundi,0,L
Burundi,0,L
Burundi,0,L
Burundi,0,L
Burundi,0,L
Burundi,0,L
Burundi,0,L
Burundi,0,L
Burundi,0,L
Burundi,0,L
Burundi,0,L
Burundi,0,L
Burundi,0,L
Burundi,0,L
Burundi,0,L
Burundi,0,L
Burundi,0,L
Burundi,0,L
Burundi,0,L
Canada,2,H
Canada,2,H
Canada,2,H
Canada,2,H
Canada,2,H
Canada,2,H
Canada,2,H
Canada,2,H
Canada,2,H
Canada,2,H
Canada,2,H
Canada,2,H
Canada,2,H
Canada,2,H
Canada,2,H
Canada,2,H
Canada,2,H
Canada,2,H
Canada,2,H
Canada,2,H
Canada,2,H
Canada,2,H
Canada,2,H
Canada,2,H
Canada,2,H
Canada,2,H
Canada,2,H
Canada,2,H
Canada,2,H
Canada,2,H
Canada,2,H
Canada,2,H
Canada,2,H
Canada,2,H
Canada,2,H
Canada,2,H
Canada,2,H
Canada,2,H
Canada,2,H
Canada,2,H
Canada,2,H
Canada,2,H
Canada,2,H
Canada,2,H
Canada,2,H
Canada,2,H
Canada,2,H
Canada,2,H
Canada,2,H
Canada,2,H
Canada,2,H
Canada,2,H
Canada,2,H
Canada,2,H
Canada,2,H
Canada,2,H
Canada,2,H
Canada,2,H
Canada,2,H
Canada,2,H
Canada,2,H
Canada,2,H
Canada,2,H
Canada,2,H
Canada,2,H
Canada,2,H
Canada,2,H
Canada,2,H
Canada,2,H
Canada,2,H
Canada,2,H
Canada,2,H
Canada,2,H
Canada,2,H
Canada,2,H
Canada,2,H
Canada,2,H
Canada,2,H
Canada,2,H
Canada,2,H
Canada,2,H
Canada,2,H
Canada,2,H
Canada,2,H
Canada,2,H
Canada,2,H
Canada,2,H
Canada,2,H
Canada,2,H
Canada,2,H
Canada,2,H
Canada,2,H
Canada,2,H
Canada,2,H
Canada,2,H
Canada,2,H
Canada,2,H
Canada,2,H
Canada,2,H
Canada,2,H
Canada,2,H
Canada,2,H
Central African Rep.,0,L
Central African Rep.,0,L
Central African Rep.,0,L
Central African Rep.,0,L
Central African Rep.,0,L
Central African Rep.,0,L
Central African Rep.,0,L
Central African Rep.,0,L
Central African Rep.,0,L
Central African Rep.,0,L
Central African Rep.,0,L
Central African Rep.,0,L
Central African Rep.,0,L
Central African Rep.,0,L
Central African Rep.,0,L
Central African Rep.,0,L
Central African Rep.,0,L
Central African Rep.,0,L
Central African Rep.,0,L
Central African Rep.,0,L
Central African Rep.,0,L
Central African Rep.,0,L
Central African Rep.,0,L
Central African Rep.,0,L
Central African Rep.,0,L
Central African Rep.,0,L
Central African Rep.,0,L
Central African Rep.,0,L
Central African Rep.,0,L
Central African Rep.,0,L
Central African Rep.,0,L
Central African Rep.,0,L
Central African Rep.,0,L
Central African Rep.,0,L
Central African Rep.,0,L
Central African Rep.,0,L
Central African Rep.,0,L
Central African Rep.,0,L
Central African Rep.,0,L
Central African Rep.,0,L
Central African Rep.,0,L
Central African Rep.,0,L
Central African Rep.,0,L
Central African Rep.,0,L
Central African Rep.,0,L
Central African Rep.,0,L
Central African Rep.,0,L
Central African Rep.,0,L
Central African Rep.,0,L
Central African Rep.,0,L
Central African Rep.,0,L
Central African Rep.,0,L
Central African Rep.,0,L
Central African Rep.,0,L
Central African Rep.,0,L
Central African Rep.,0,L
Central African Rep.,0,L
Central African Rep.,0,L
Central African Rep.,0,L
Central African Rep.,0,L
Central African Rep.,0,L
Central African Rep.,0,L
Central African Rep.,0,L
Central African Rep.,0,L
Central African Rep.,0,L
Central African Rep.,0,L
Central African Rep.,0,L
Central African Rep.,0,L
Central African Rep.,0,L
Central African Rep.,0,L
Central African Rep.,0,L
Central African Rep.,0,L
Central African Rep.,0,L
Central African Rep.,0,L
Central African Rep.,0,L
Central African Rep.,0,L
Central African Rep.,0,L
Central African Rep.,0,L
Central African Rep.,0,L
Central African Rep.,0,L
Central African Rep.,0,L
Central African Rep.,0,L
Central African Rep.,0,L
Central African Rep.,0,L
Central African Rep.,0,L
Central African Rep.,0,L
Central African Rep.,0,L
Central African Rep.,0,L
Central African Rep.,0,L
Central African Rep.,0,L
Central African Rep.,0,L
Central African Rep.,0,L
Central African Rep.,0,L
Central African Rep.,0,L
Central African Rep.,0,L
Central African Rep.,0,L
Central African Rep.,0,L
Central African Rep.,0,L
Central African Rep.,0,L
Central African Rep.,0,L
Central African Rep.,0,L
Central African Rep.,0,L
Chad,1,L
Chad,1,L
Chad,1,L
Chad,1,L
Chad,1,L
Chad,1,L
Chad,1,L
Chad,1,L
Chad,1,L
Chad,1,L
Chad,1,L
Chad,1,L
Chad,1,L
Chad,1,L
Chad,1,L
Chad,1,L
Chad,1,L
Chad,1,L
Chad,1,L
Chad,1,L
Chad,1,L
Chad,1,L
Chad,1,L
Chad,1,L
Chad,1,L
Chad,1,L
Chad,1,L
Chad,1,L
Chad,1,L
Chad,1,L
Chad,1,L
Chad,1,L
Chad,1,L
Chad,1,L
Chad,1,L
Chad,1,L
Chad,1,L
Chad,1,L
Chad,1,L
Chad,1,L
Chad,1,L
Chad,1,L
Chad,1,L
Chad,1,L
Chad,1,L
Chad,1,L
Chad,1,L
Chad,1,L
Chad,1,L
Chad,1,L
Chad,1,L
Chad,1,L
Chad,1,L
Chad,1,L
Chad,1,L
Chad,1,L
Chad,1,L
Chad,1,L
Chad,1,L
Chad,1,L
Chad,1,L
Chad,1,L
Chad,1,L
Chad,1,L
Chad,1,L
Chad,1,L
Chad,1,L
Chad,1,L
Chad,1,L
Chad,1,L
Chad,1,L
Chad,1,L
Chad,1,L
Chad,1,L
Chad,1,L
Chad,1,L
Chad,1,L
Chad,1,L
Chad,1,L
Chad,1,L
Chad,1,L
Chad,1,L
Chad,1,L
Chad,1,L
Chad,1,L
Chad,1,L
Chad,1,L
Chad,1,L
Chad,1,L
Chad,1,L
Chad,1,L
Chad,1,L
Chad,1,L
Chad,1,L
Chad,1,L
Chad,1,L
Chad,1,L
Chad,1,L
Chad,1,L
Chad,1,L
Chad,1,L
Chad,1,L
Colombia,0,LM
Colombia,0,LM
Colombia,0,LM
Colombia,0,LM
Colombia,0,LM
Colombia,0,LM
Colombia,0,LM
Colombia,0,LM
Colombia,0,LM
Colombia,0,LM
Colombia,0,LM
Colombia,0,LM
Colombia,0,LM
Colombia,0,LM
Colombia,0,LM
Colombia,0,LM
Colombia,0,LM
Colombia,0,LM
Colombia,0,LM
Colombia,0,LM
Colombia,0,LM
Colombia,0,LM
Colombia,0,LM
Colombia,0,LM
Colombia,0,LM
Colombia,0,LM
Colombia,0,LM
Colombia,0,LM
Colombia,0,LM
Colombia,0,LM
Colombia,0,LM
Colombia,0,LM
Colombia,0,LM
Colombia,0,LM
Colombia,0,LM
Colombia,0,LM
Colombia,0,LM
Colombia,0,LM
Colombia,0,LM
Colombia,0,LM
Colombia,0,LM
Colombia,0,LM
Colombia,0,LM
Colombia,0,LM
Colombia,0,LM
Colombia,0,LM
Colombia,0,LM
Colombia,0,LM
Colombia,0,LM
Colombia,0,LM
Colombia,0,LM
Colombia,0,LM
Colombia,0,LM
Colombia,0,LM
Colombia,0,LM
Colombia,0,LM
Colombia,0,LM
Colombia,0,LM
Colombia,0,LM
Colombia,0,LM
Colombia,0,LM
Colombia,0,LM
Colombia,0,LM
Colombia,0,LM
Colombia,0,LM
Colombia,0,LM
Colombia,0,LM
Colombia,0,LM
Colombia,0,LM
Colombia,0,LM
Colombia,0,LM
Colombia,0,LM
Colombia,0,LM
Colombia,0,LM
Colombia,0,LM
Colombia,0,LM
Colombia,0,LM
Colombia,0,LM
Colombia,0,LM
Colombia,0,LM
Colombia,0,LM
Colombia,0,LM
Colombia,0,LM
Colombia,0,LM
Colombia,0,LM
Colombia,0,LM
Colombia,0,LM
Colombia,0,LM
Colombia,0,LM
Colombia,0,LM
Colombia,0,LM
Colombia,0,LM
Colombia,0,LM
Colombia,0,LM
Colombia,0,LM
Colombia,0,LM
Colombia,0,LM
Colombia,0,LM
Colombia,0,LM
Colombia,0,LM
Colombia,0,LM
Colombia,0,LM
Cuba,0,LM
Cuba,0,LM
Cuba,0,LM
Cuba,0,LM
Cuba,0,LM
Cuba,0,LM
Cuba,0,LM
Cuba,0,LM
Cuba,0,LM
Cuba,0,LM
Cuba,0,LM
Cuba,0,LM
Cuba,0,LM
Cuba,0,LM
Cuba,0,LM
Cuba,0,LM
Cuba,0,LM
Cuba,0,LM
Cuba,0,LM
Cuba,0,LM
Cuba,0,LM
Cuba,0,LM
Cuba,0,LM
Cuba,0,LM
Cuba,0,LM
Cuba,0,LM
Cuba,0,LM
Cuba,0,LM
Cuba,0,LM
Cuba,0,LM
Cuba,0,LM
Cuba,0,LM
Cuba,0,LM
Cuba,0,LM
Cuba,0,LM
Cuba,0,LM
Cuba,0,LM
Cuba,0,LM
Cuba,0,LM
Cuba,0,LM
Cuba,0,LM
Cuba,0,LM
Cuba,0,LM
Cuba,0,LM
Cuba,0,LM
Cuba,0,LM
Cuba,0,LM
Cuba,0,LM
Cuba,0,LM
Cuba,0,LM
Cuba,0,LM
Cuba,0,LM
Cuba,0,LM
Cuba,0,LM
Cuba,0,LM
Cuba,0,LM
Cuba,0,LM
Cuba,0,LM
Cuba,0,LM
Cuba,0,LM
Cuba,0,LM
Cuba,0,LM
Cuba,0,LM
Cuba,0,LM
Cuba,0,LM
Cuba,0,LM
Cuba,0,LM
Cuba,0,LM
Cuba,0,LM
Cuba,0,LM
Cuba,0,LM
Cuba,0,LM
Cuba,0,LM
Cuba,0,LM
Cuba,0,LM
Cuba,0,LM
Cuba,0,LM
Cuba,0,LM
Cuba,0,LM
Cuba,0,LM
Cuba,0,LM
Cuba,0,LM
Cuba,0,LM
Cuba,0,LM
Cuba,0,LM
Cuba,0,LM
Cuba,0,LM
Cuba,0,LM
Cuba,0,LM
Cuba,0,LM
Cuba,0,LM
Cuba,0,LM
Cuba,0,LM
Cuba,0,LM
Cuba,0,LM
Cuba,0,LM
Cuba,0,LM
Cuba,0,LM
Cuba,0,LM
Cuba,0,LM
Cuba,0,LM
Cuba,0,LM
Egypt,1,LM
Egypt,1,LM
Egypt,1,LM
Egypt,1,LM
Egypt,1,LM
Egypt,1,LM
Egypt,1,LM
Egypt,1,LM
Egypt,1,LM
Egypt,1,LM
Egypt,1,LM
Egypt,1,LM
Egypt,1,LM
Egypt,1,LM
Egypt,1,LM
Egypt,1,LM
Egypt,1,LM
Egypt,1,LM
Egypt,1,LM
Egypt,1,LM
Egypt,1,LM
Egypt,1,LM
Egypt,1,LM
Egypt,1,LM
Egypt,1,LM
Egypt,1,LM
Egypt,1,LM
Egypt,1,LM
Egypt,1,LM
Egypt,1,LM
Egypt,1,LM
Egypt,1,LM
Egypt,1,LM
Egypt,1,LM
Egypt,1,LM
Egypt,1,LM
Egypt,1,LM
Egypt,1,LM
Egypt,1,LM
Egypt,1,LM
Egypt,1,LM
Egypt,1,LM
Egypt,1,LM
Egypt,1,LM
Egypt,1,LM
Egypt,1,LM
Egypt,1,LM
Egypt,1,LM
Egypt,1,LM
Egypt,1,LM
Egypt,1,LM
Egypt,1,LM
Egypt,1,LM
Egypt,1,LM
Egypt,1,LM
Egypt,1,LM
Egypt,1,LM
Egypt,1,LM
Egypt,1,LM
Egypt,1,LM
Egypt,1,LM
Egypt,1,LM
Egypt,1,LM
Egypt,1,LM
Egypt,1,LM
Egypt,1,LM
Egypt,1,LM
Egypt,1,LM
Egypt,1,LM
Egypt,1,LM
Egypt,1,LM
Egypt,1,LM
Egypt,1,LM
Egypt,1,LM
Egypt,1,LM
Egypt,1,LM
Egypt,1,LM
Egypt,1,LM
Egypt,1,LM
Egypt,1,LM
Egypt,1,LM
Egypt,1,LM
Egypt,1,LM
Egypt,1,LM
Egypt,1,LM
Egypt,1,LM
Egypt,1,LM
Egypt,1,LM
Egypt,1,LM
Egypt,1,LM
Egypt,1,LM
Egypt,1,LM
Egypt,1,LM
Egypt,1,LM
Egypt,1,LM
Egypt,1,LM
Egypt,1,LM
Egypt,1,LM
Egypt,1,LM
Egypt,1,LM
Egypt,1,LM
Egypt,1,LM
Finland,2,H
Finland,2,H
Finland,2,H
Finland,2,H
Finland,2,H
Finland,2,H
Finland,2,H
Finland,2,H
Finland,2,H
Finland,2,H
Finland,2,H
Finland,2,H
Finland,2,H
Finland,2,H
Finland,2,H
Finland,2,H
Finland,2,H
Finland,2,H
Finland,2,H
Finland,2,H
Finland,2,H
Finland,2,H
Finland,2,H
Finland,2,H
Finland,2,H
Finland,2,H
Finland,2,H
Finland,2,H
Finland,2,H
Finland,2,H
Finland,2,H
Finland,2,H
Finland,2,H
Finland,2,H
Finland,2,H
Finland,2,H
Finland,2,H
Finland,2,H
Finland,2,H
Finland,2,H
Finland,2,H
Finland,2,H
Finland,2,H
Finland,2,H
Finland,2,H
Finland,2,H
Finland,2,H
Finland,2,H
Finland,2,H
Finland,2,H
Finland,2,H
Finland,2,H
Finland,2,H
Finland,2,H
Finland,2,H
Finland,2,H
Finland,2,H
Finland,2,H
Finland,2,H
Finland,2,H
Finland,2,H
Finland,2,H
Finland,2,H
Finland,2,H
Finland,2,H
Finland,2,H
Finland,2,H
Finland,2,H
Finland,2,H
Finland,2,H
Finland,2,H
Finland,2,H
Finland,2,H
Finland,2,H
Finland,2,H
Finland,2,H
Finland,2,H
Finland,2,H
Finland,2,H
Finland,2,H
Finland,2,H
Finland,2,H
Finland,2,H
Finland,2,H
Finland,2,H
Finland,2,H
Finland,2,H
Finland,2,H
Finland,2,H
Finland,2,H
Finland,2,H
Finland,2,H
Finland,2,H
Finland,2,H
Finland,2,H
Finland,2,H
Finland,2,H
Finland,2,H
Finland,2,H
Finland,2,H
Finland,2,H
Finland,2,H
Gabon,0,UM
Gabon,0,UM
Gabon,0,UM
Gabon,0,UM
Gabon,0,UM
Gabon,0,UM
Gabon,0,UM
Gabon,0,UM
Gabon,0,UM
Gabon,0,UM
Gabon,0,UM
Gabon,0,UM
Gabon,0,UM
Gabon,0,UM
Gabon,0,UM
Gabon,0,UM
Gabon,0,UM
Gabon,0,UM
Gabon,0,UM
Gabon,0,UM
Gabon,0,UM
Gabon,0,UM
Gabon,0,UM
Gabon,0,UM
Gabon,0,UM
Gabon,0,UM
Gabon,0,UM
Gabon,0,UM
Gabon,0,UM
Gabon,0,UM
Gabon,0,UM
Gabon,0,UM
Gabon,0,UM
Gabon,0,UM
Gabon,0,UM
Gabon,0,UM
Gabon,0,UM
Gabon,0,UM
Gabon,0,UM
Gabon,0,UM
Gabon,0,UM
Gabon,0,UM
Gabon,0,UM
Gabon,0,UM
Gabon,0,UM
Gabon,0,UM
Gabon,0,UM
Gabon,0,UM
Gabon,0,UM
Gabon,0,UM
Gabon,0,UM
Gabon,0,UM
Gabon,0,UM
Gabon,0,UM
Gabon,0,UM
Gabon,0,UM
Gabon,0,UM
Gabon,0,UM
Gabon,0,UM
Gabon,0,UM
Gabon,0,UM
Gabon,0,UM
Gabon,0,UM
Gabon,0,UM
Gabon,0,UM
Gabon,0,UM
Gabon,0,UM
Gabon,0,UM
Gabon,0,UM
Gabon,0,UM
Gabon,0,UM
Gabon,0,UM
Gabon,0,UM
Gabon,0,UM
Gabon,0,UM
Gabon,0,UM
Gabon,0,UM
Gabon,0,UM
Gabon,0,UM
Gabon,0,UM
Gabon,0,UM
Gabon,0,UM
Gabon,0,UM
Gabon,0,UM
Gabon,0,UM
Gabon,0,UM
Gabon,0,UM
Gabon,0,UM
Gabon,0,UM
Gabon,0,UM
Gabon,0,UM
Gabon,0,UM
Gabon,0,UM
Gabon,0,UM
Gabon,0,UM
Gabon,0,UM
Gabon,0,UM
Gabon,0,UM
Gabon,0,UM
Gabon,0,UM
Gabon,0,UM
Gabon,0,UM
Germany,2,H
Germany,2,H
Germany,2,H
Germany,2,H
Germany,2,H
Germany,2,H
Germany,2,H
Germany,2,H
Germany,2,H
Germany,2,H
Germany,2,H
Germany,2,H
Germany,2,H
Germany,2,H
Germany,2,H
Germany,2,H
Germany,2,H
Germany,2,H
Germany,2,H
Germany,2,H
Germany,2,H
Germany,2,H
Germany,2,H
Germany,2,H
Germany,2,H
Germany,2,H
Germany,2,H
Germany,2,H
Germany,2,H
Germany,2,H
Germany,2,H
Germany,2,H
Germany,2,H
Germany,2,H
Germany,2,H
Germany,2,H
Germany,2,H
Germany,2,H
Germany,2,H
Germany,2,H
Germany,2,H
Germany,2,H
Germany,2,H
Germany,2,H
Germany,2,H
Germany,2,H
Germany,2,H
Germany,2,H
Germany,2,H
Germany,2,H
Germany,2,H
Germany,2,H
Germany,2,H
Germany,2,H
Germany,2,H
Germany,2,H
Germany,2,H
Germany,2,H
Germany,2,H
Germany,2,H
Germany,2,H
Germany,2,H
Germany,2,H
Germany,2,H
Germany,2,H
Germany,2,H
Germany,2,H
Germany,2,H
Germany,2,H
Germany,2,H
Germany,2,H
Germany,2,H
Germany,2,H
Germany,2,H
Germany,2,H
Germany,2,H
Germany,2,H
Germany,2,H
Germany,2,H
Germany,2,H
Germany,2,H
Germany,2,H
Germany,2,H
Germany,2,H
Germany,2,H
Germany,2,H
Germany,2,H
Germany,2,H
Germany,2,H
Germany,2,H
Germany,2,H
Germany,2,H
Germany,2,H
Germany,2,H
Germany,2,H
Germany,2,H
Germany,2,H
Germany,2,H
Germany,2,H
Germany,2,H
Germany,2,H
Germany,2,H
Honduras,0,LM
Honduras,0,LM
Honduras,0,LM
Honduras,0,LM
Honduras,0,LM
Honduras,0,LM
Honduras,0,LM
Honduras,0,LM
Honduras,0,LM
Honduras,0,LM
Honduras,0,LM
Honduras,0,LM
Honduras,0,LM
Honduras,0,LM
Honduras,0,LM
Honduras,0,LM
Honduras,0,LM
Honduras,0,LM
Honduras,0,LM
Honduras,0,LM
Honduras,0,LM
Honduras,0,LM
Honduras,0,LM
Honduras,0,LM
Honduras,0,LM
Honduras,0,LM
Honduras,0,LM
Honduras,0,LM
Honduras,0,LM
Honduras,0,LM
Honduras,0,LM
Honduras,0,LM
Honduras,0,LM
Honduras,0,LM
Honduras,0,LM
Honduras,0,LM
Honduras,0,LM
Honduras,0,LM
Honduras,0,LM
Honduras,0,LM
Honduras,0,LM
Honduras,0,LM
Honduras,0,LM
Honduras,0,LM
Honduras,0,LM
Honduras,0,LM
Honduras,0,LM
Honduras,0,LM
Honduras,0,LM
Honduras,0,LM
Honduras,0,LM
Honduras,0,LM
Honduras,0,LM
Honduras,0,LM
Honduras,0,LM
Honduras,0,LM
Honduras,0,LM
Honduras,0,LM
Honduras,0,LM
Honduras,0,LM
Honduras,0,LM
Honduras,0,LM
Honduras,0,LM
Honduras,0,LM
Honduras,0,LM
Honduras,0,LM
Honduras,0,LM
Honduras,0,LM
Honduras,0,LM
Honduras,0,LM
Honduras,0,LM
Honduras,0,LM
Honduras,0,LM
Honduras,0,LM
Honduras,0,LM
Honduras,0,LM
Honduras,0,LM
Honduras,0,LM
Honduras,0,LM
Honduras,0,LM
Honduras,0,LM
Honduras,0,LM
Honduras,0,LM
Honduras,0,LM
Honduras,0,LM
Honduras,0,LM
Honduras,0,LM
Honduras,0,LM
Honduras,0,LM
Honduras,0,LM
Honduras,0,LM
Honduras,0,LM
Honduras,0,LM
Honduras,0,LM
Honduras,0,LM
Honduras,0,LM
Honduras,0,LM
Honduras,0,LM
Honduras,0,LM
Honduras,0,LM
Honduras,0,LM
Honduras,0,LM
Japan,2,H
Japan,2,H
Japan,2,H
Japan,2,H
Japan,2,H
Japan,2,H
Japan,2,H
Japan,2,H
Japan,2,H
Japan,2,H
Japan,2,H
Japan,2,H
Japan,2,H
Japan,2,H
Japan,2,H
Japan,2,H
Japan,2,H
Japan,2,H
Japan,2,H
Japan,2,H
Japan,2,H
Japan,2,H
Japan,2,H
Japan,2,H
Japan,2,H
Japan,2,H
Japan,2,H
Japan,2,H
Japan,2,H
Japan,2,H
Japan,2,H
Japan,2,H
Japan,2,H
Japan,2,H
Japan,2,H
Japan,2,H
Japan,2,H
Japan,2,H
Japan,2,H
Japan,2,H
Japan,2,H
Japan,2,H
Japan,2,H
Japan,2,H
Japan,2,H
Japan,2,H
Japan,2,H
Japan,2,H
Japan,2,H
Japan,2,H
Japan,2,H
Japan,2,H
Japan,2,H
Japan,2,H
Japan,2,H
Japan,2,H
Japan,2,H
Japan,2,H
Japan,2,H
Japan,2,H
Japan,2,H
Japan,2,H
Japan,2,H
Japan,2,H
Japan,2,H
Japan,2,H
Japan,2,H
Japan,2,H
Japan,2,H
Japan,2,H
Japan,2,H
Japan,2,H
Japan,2,H
Japan,2,H
Japan,2,H
Japan,2,H
Japan,2,H
Japan,2,H
Japan,2,H
Japan,2,H
Japan,2,H
Japan,2,H
Japan,2,H
Japan,2,H
Japan,2,H
Japan,2,H
Japan,2,H
Japan,2,H
Japan,2,H
Japan,2,H
Japan,2,H
Japan,2,H
Japan,2,H
Japan,2,H
Japan,2,H
Japan,2,H
Japan,2,H
Japan,2,H
Japan,2,H
Japan,2,H
Japan,2,H
Japan,2,H
Kazakhstan,2,UM
Kazakhstan,2,UM
Kazakhstan,2,UM
Kazakhstan,2,UM
Kazakhstan,2,UM
Kazakhstan,2,UM
Kazakhstan,2,UM
Kazakhstan,2,UM
Kazakhstan,2,UM
Kazakhstan,2,UM
Kazakhstan,2,UM
Kazakhstan,2,UM
Kazakhstan,2,UM
Kazakhstan,2,UM
Kazakhstan,2,UM
Kazakhstan,2,UM
Kazakhstan,2,UM
Kazakhstan,2,UM
Kazakhstan,2,UM
Kazakhstan,2,UM
Kazakhstan,2,UM
Kazakhstan,2,UM
Kazakhstan,2,UM
Kazakhstan,2,UM
Kazakhstan,2,UM
Kazakhstan,2,UM
Kazakhstan,2,UM
Kazakhstan,2,UM
Kazakhstan,2,UM
Kazakhstan,2,UM
Kazakhstan,2,UM
Kazakhstan,2,UM
Kazakhstan,2,UM
Kazakhstan,2,UM
Kazakhstan,2,UM
Kazakhstan,2,UM
Kazakhstan,2,UM
Kazakhstan,2,UM
Kazakhstan,2,UM
Kazakhstan,2,UM
Kazakhstan,2,UM
Kazakhstan,2,UM
Kazakhstan,2,UM
Kazakhstan,2,UM
Kazakhstan,2,UM
Kazakhstan,2,UM
Kazakhstan,2,UM
Kazakhstan,2,UM
Kazakhstan,2,UM
Kazakhstan,2,UM
Kazakhstan,2,UM
Kazakhstan,2,UM
Kazakhstan,2,UM
Kazakhstan,2,UM
Kazakhstan,2,UM
Kazakhstan,2,UM
Kazakhstan,2,UM
Kazakhstan,2,UM
Kazakhstan,2,UM
Kazakhstan,2,UM
Kazakhstan,2,UM
Kazakhstan,2,UM
Kazakhstan,2,UM
Kazakhstan,2,UM
Kazakhstan,2,UM
Kazakhstan,2,UM
Kazakhstan,2,UM
Kazakhstan,2,UM
Kazakhstan,2,UM
Kazakhstan,2,UM
Kazakhstan,2,UM
Kazakhstan,2,UM
Kazakhstan,2,UM
Kazakhstan,2,UM
Kazakhstan,2,UM
Kazakhstan,2,UM
Kazakhstan,2,UM
Kazakhstan,2,UM
Kazakhstan,2,UM
Kazakhstan,2,UM
Kazakhstan,2,UM
Kazakhstan,2,UM
Kazakhstan,2,UM
Kazakhstan,2,UM
Kazakhstan,2,UM
Kazakhstan,2,UM
Kazakhstan,2,UM
Kazakhstan,2,UM
Kazakhstan,2,UM
Kazakhstan,2,UM
Kazakhstan,2,UM
Kazakhstan,2,UM
Kazakhstan,2,UM
Kazakhstan,2,UM
Kazakhstan,2,UM
Kazakhstan,2,UM
Kazakhstan,2,UM
Kazakhstan,2,UM
Kazakhstan,2,UM
Kazakhstan,2,UM
Kazakhstan,2,UM
Kazakhstan,2,UM
Madagascar,0,L
Madagascar,0,L
Madagascar,0,L
Madagascar,0,L
Madagascar,0,L
Madagascar,0,L
Madagascar,0,L
Madagascar,0,L
Madagascar,0,L
Madagascar,0,L
Madagascar,0,L
Madagascar,0,L
Madagascar,0,L
Madagascar,0,L
Madagascar,0,L
Madagascar,0,L
Madagascar,0,L
Madagascar,0,L
Madagascar,0,L
Madagascar,0,L
Madagascar,0,L
Madagascar,0,L
Madagascar,0,L
Madagascar,0,L
Madagascar,0,L
Madagascar,0,L
Madagascar,0,L
Madagascar,0,L
Madagascar,0,L
Madagascar,0,L
Madagascar,0,L
Madagascar,0,L
Madagascar,0,L
Madagascar,0,L
Madagascar,0,L
Madagascar,0,L
Madagascar,0,L
Madagascar,0,L
Madagascar,0,L
Madagascar,0,L
Madagascar,0,L
Madagascar,0,L
Madagascar,0,L
Madagascar,0,L
Madagascar,0,L
Madagascar,0,L
Madagascar,0,L
Madagascar,0,L
Madagascar,0,L
Madagascar,0,L
Madagascar,0,L
Madagascar,0,L
Madagascar,0,L
Madagascar,0,L
Madagascar,0,L
Madagascar,0,L
Madagascar,0,L
Madagascar,0,L
Madagascar,0,L
Madagascar,0,L
Madagascar,0,L
Madagascar,0,L
Madagascar,0,L
Madagascar,0,L
Madagascar,0,L
Madagascar,0,L
Madagascar,0,L
Madagascar,0,L
Madagascar,0,L
Madagascar,0,L
Madagascar,0,L
Madagascar,0,L
Madagascar,0,L
Madagascar,0,L
Madagascar,0,L
Madagascar,0,L
Madagascar,0,L
Madagascar,0,L
Madagascar,0,L
Madagascar,0,L
Madagascar,0,L
Madagascar,0,L
Madagascar,0,L
Madagascar,0,L
Madagascar,0,L
Madagascar,0,L
Madagascar,0,L
Madagascar,0,L
Madagascar,0,L
Madagascar,0,L
Madagascar,0,L
Madagascar,0,L
Madagascar,0,L
Madagascar,0,L
Madagascar,0,L
Madagascar,0,L
Madagascar,0,L
Madagascar,0,L
Madagascar,0,L
Madagascar,0,L
Madagascar,0,L
Madagascar,0,L
Malawi,0,L
Malawi,0,L
Malawi,0,L
Malawi,0,L
Malawi,0,L
Malawi,0,L
Malawi,0,L
Malawi,0,L
Malawi,0,L
Malawi,0,L
Malawi,0,L
Malawi,0,L
Malawi,0,L
Malawi,0,L
Malawi,0,L
Malawi,0,L
Malawi,0,L
Malawi,0,L
Malawi,0,L
Malawi,0,L
Malawi,0,L
Malawi,0,L
Malawi,0,L
Malawi,0,L
Malawi,0,L
Malawi,0,L
Malawi,0,L
Malawi,0,L
Malawi,0,L
Malawi,0,L
Malawi,0,L
Malawi,0,L
Malawi,0,L
Malawi,0,L
Malawi,0,L
Malawi,0,L
Malawi,0,L
Malawi,0,L
Malawi,0,L
Malawi,0,L
Malawi,0,L
Malawi,0,L
Malawi,0,L
Malawi,0,L
Malawi,0,L
Malawi,0,L
Malawi,0,L
Malawi,0,L
Malawi,0,L
Malawi,0,L
Malawi,0,L
Malawi,0,L
Malawi,0,L
Malawi,0,L
Malawi,0,L
Malawi,0,L
Malawi,0,L
Malawi,0,L
Malawi,0,L
Malawi,0,L
Malawi,0,L
Malawi,0,L
Malawi,0,L
Malawi,0,L
Malawi,0,L
Malawi,0,L
Malawi,0,L
Malawi,0,L
Malawi,0,L
Malawi,0,L
Malawi,0,L
Malawi,0,L
Malawi,0,L
Malawi,0,L
Malawi,0,L
Malawi,0,L
Malawi,0,L
Malawi,0,L
Malawi,0,L
Malawi,0,L
Malawi,0,L
Malawi,0,L
Malawi,0,L
Malawi,0,L
Malawi,0,L
Malawi,0,L
Malawi,0,L
Malawi,0,L
Malawi,0,L
Malawi,0,L
Malawi,0,L
Malawi,0,L
Malawi,0,L
Malawi,0,L
Malawi,0,L
Malawi,0,L
Malawi,0,L
Malawi,0,L
Malawi,0,L
Malawi,0,L
Malawi,0,L
Malawi,0,L
Morocco,1,LM
Morocco,1,LM
Morocco,1,LM
Morocco,1,LM
Morocco,1,LM
Morocco,1,LM
Morocco,1,LM
Morocco,1,LM
Morocco,1,LM
Morocco,1,LM
Morocco,1,LM
Morocco,1,LM
Morocco,1,LM
Morocco,1,LM
Morocco,1,LM
Morocco,1,LM
Morocco,1,LM
Morocco,1,LM
Morocco,1,LM
Morocco,1,LM
Morocco,1,LM
Morocco,1,LM
Morocco,1,LM
Morocco,1,LM
Morocco,1,LM
Morocco,1,LM
Morocco,1,LM
Morocco,1,LM
Morocco,1,LM
Morocco,1,LM
Morocco,1,LM
Morocco,1,LM
Morocco,1,LM
Morocco,1,LM
Morocco,1,LM
Morocco,1,LM
Morocco,1,LM
Morocco,1,LM
Morocco,1,LM
Morocco,1,LM
Morocco,1,LM
Morocco,1,LM
Morocco,1,LM
Morocco,1,LM
Morocco,1,LM
Morocco,1,LM
Morocco,1,LM
Morocco,1,LM
Morocco,1,LM
Morocco,1,LM
Morocco,1,LM
Morocco,1,LM
Morocco,1,LM
Morocco,1,LM
Morocco,1,LM
Morocco,1,LM
Morocco,1,LM
Morocco,1,LM
Morocco,1,LM
Morocco,1,LM
Morocco,1,LM
Morocco,1,LM
Morocco,1,LM
Morocco,1,LM
Morocco,1,LM
Morocco,1,LM
Morocco,1,LM
Morocco,1,LM
Morocco,1,LM
Morocco,1,LM
Morocco,1,LM
Morocco,1,LM
Morocco,1,LM
Morocco,1,LM
Morocco,1,LM
Morocco,1,LM
Morocco,1,LM
Morocco,1,LM
Morocco,1,LM
Morocco,1,LM
Morocco,1,LM
Morocco,1,LM
Morocco,1,LM
Morocco,1,LM
Morocco,1,LM
Morocco,1,LM
Morocco,1,LM
Morocco,1,LM
Morocco,1,LM
Morocco,1,LM
Morocco,1,LM
Morocco,1,LM
Morocco,1,LM
Morocco,1,LM
Morocco,1,LM
Morocco,1,LM
Morocco,1,LM
Morocco,1,LM
Morocco,1,LM
Morocco,1,LM
Morocco,1,LM
Morocco,1,LM
Mozambique,0,L
Mozambique,0,L
Mozambique,0,L
Mozambique,0,L
Mozambique,0,L
Mozambique,0,L
Mozambique,0,L
Mozambique,0,L
Mozambique,0,L
Mozambique,0,L
Mozambique,0,L
Mozambique,0,L
Mozambique,0,L
Mozambique,0,L
Mozambique,0,L
Mozambique,0,L
Mozambique,0,L
Mozambique,0,L
Mozambique,0,L
Mozambique,0,L
Mozambique,0,L
Mozambique,0,L
Mozambique,0,L
Mozambique,0,L
Mozambique,0,L
Mozambique,0,L
Mozambique,0,L
Mozambique,0,L
Mozambique,0,L
Mozambique,0,L
Mozambique,0,L
Mozambique,0,L
Mozambique,0,L
Mozambique,0,L
Mozambique,0,L
Mozambique,0,L
Mozambique,0,L
Mozambique,0,L
Mozambique,0,L
Mozambique,0,L
Mozambique,0,L
Mozambique,0,L
Mozambique,0,L
Mozambique,0,L
Mozambique,0,L
Mozambique,0,L
Mozambique,0,L
Mozambique,0,L
Mozambique,0,L
Mozambique,0,L
Mozambique,0,L
Mozambique,0,L
Mozambique,0,L
Mozambique,0,L
Mozambique,0,L
Mozambique,0,L
Mozambique,0,L
Mozambique,0,L
Mozambique,0,L
Mozambique,0,L
Mozambique,0,L
Mozambique,0,L
Mozambique,0,L
Mozambique,0,L
Mozambique,0,L
Mozambique,0,L
Mozambique,0,L
Mozambique,0,L
Mozambique,0,L
Mozambique,0,L
Mozambique,0,L
Mozambique,0,L
Mozambique,0,L
Mozambique,0,L
Mozambique,0,L
Mozambique,0,L
Mozambique,0,L
Mozambique,0,L
Mozambique,0,L
Mozambique,0,L
Mozambique,0,L
Mozambique,0,L
Mozambique,0,L
Mozambique,0,L
Mozambique,0,L
Mozambique,0,L
Mozambique,0,L
Mozambique,0,L
Mozambique,0,L
Mozambique,0,L
Mozambique,0,L
Mozambique,0,L
Mozambique,0,L
Mozambique,0,L
Mozambique,0,L
Mozambique,0,L
Mozambique,0,L
Mozambique,0,L
Mozambique,0,L
Mozambique,0,L
Mozambique,0,L
Mozambique,0,L
Netherlands,2,H
Netherlands,2,H
Netherlands,2,H
Netherlands,2,H
Netherlands,2,H
Netherlands,2,H
Netherlands,2,H
Netherlands,2,H
Netherlands,2,H
Netherlands,2,H
Netherlands,2,H
Netherlands,2,H
Netherlands,2,H
Netherlands,2,H
Netherlands,2,H
Netherlands,2,H
Netherlands,2,H
Netherlands,2,H
Netherlands,2,H
Netherlands,2,H
Netherlands,2,H
Netherlands,2,H
Netherlands,2,H
Netherlands,2,H
Netherlands,2,H
Netherlands,2,H
Netherlands,2,H
Netherlands,2,H
Netherlands,2,H
Netherlands,2,H
Netherlands,2,H
Netherlands,2,H
Netherlands,2,H
Netherlands,2,H
Netherlands,2,H
Netherlands,2,H
Netherlands,2,H
Netherlands,2,H
Netherlands,2,H
Netherlands,2,H
Netherlands,2,H
Netherlands,2,H
Netherlands,2,H
Netherlands,2,H
Netherlands,2,H
Netherlands,2,H
Netherlands,2,H
Netherlands,2,H
Netherlands,2,H
Netherlands,2,H
Netherlands,2,H
Netherlands,2,H
Netherlands,2,H
Netherlands,2,H
Netherlands,2,H
Netherlands,2,H
Netherlands,2,H
Netherlands,2,H
Netherlands,2,H
Netherlands,2,H
Netherlands,2,H
Netherlands,2,H
Netherlands,2,H
Netherlands,2,H
Netherlands,2,H
Netherlands,2,H
Netherlands,2,H
Netherlands,2,H
Netherlands,2,H
Netherlands,2,H
Netherlands,2,H
Netherlands,2,H
Netherlands,2,H
Netherlands,2,H
Netherlands,2,H
Netherlands,2,H
Netherlands,2,H
Netherlands,2,H
Netherlands,2,H
Netherlands,2,H
Netherlands,2,H
Netherlands,2,H
Netherlands,2,H
Netherlands,2,H
Netherlands,2,H
Netherlands,2,H
Netherlands,2,H
Netherlands,2,H
Netherlands,2,H
Netherlands,2,H
Netherlands,2,H
Netherlands,2,H
Netherlands,2,H
Netherlands,2,H
Netherlands,2,H
Netherlands,2,H
Netherlands,2,H
Netherlands,2,H
Netherlands,2,H
Netherlands,2,H
Netherlands,2,H
Netherlands,2,H
Nicaragua,0,LM
Nicaragua,0,LM
Nicaragua,0,LM
Nicaragua,0,LM
Nicaragua,0,LM
Nicaragua,0,LM
Nicaragua,0,LM
Nicaragua,0,LM
Nicaragua,0,LM
Nicaragua,0,LM
Nicaragua,0,LM
Nicaragua,0,LM
Nicaragua,0,LM
Nicaragua,0,LM
Nicaragua,0,LM
Nicaragua,0,LM
Nicaragua,0,LM
Nicaragua,0,LM
Nicaragua,0,LM
Nicaragua,0,LM
Nicaragua,0,LM
Nicaragua,0,LM
Nicaragua,0,LM
Nicaragua,0,LM
Nicaragua,0,LM
Nicaragua,0,LM
Nicaragua,0,LM
Nicaragua,0,LM
Nicaragua,0,LM
Nicaragua,0,LM
Nicaragua,0,LM
Nicaragua,0,LM
Nicaragua,0,LM
Nicaragua,0,LM
Nicaragua,0,LM
Nicaragua,0,LM
Nicaragua,0,LM
Nicaragua,0,LM
Nicaragua,0,LM
Nicaragua,0,LM
Nicaragua,0,LM
Nicaragua,0,LM
Nicaragua,0,LM
Nicaragua,0,LM
Nicaragua,0,LM
Nicaragua,0,LM
Nicaragua,0,LM
Nicaragua,0,LM
Nicaragua,0,LM
Nicaragua,0,LM
Nicaragua,0,LM
Nicaragua,0,LM
Nicaragua,0,LM
Nicaragua,0,LM
Nicaragua,0,LM
Nicaragua,0,LM
Nicaragua,0,LM
Nicaragua,0,LM
Nicaragua,0,LM
Nicaragua,0,LM
Nicaragua,0,LM
Nicaragua,0,LM
Nicaragua,0,LM
Nicaragua,0,LM
Nicaragua,0,LM
Nicaragua,0,LM
Nicaragua,0,LM
Nicaragua,0,LM
Nicaragua,0,LM
Nicaragua,0,LM
Nicaragua,0,LM
Nicaragua,0,LM
Nicaragua,0,LM
Nicaragua,0,LM
Nicaragua,0,LM
Nicaragua,0,LM
Nicaragua,0,LM
Nicaragua,0,LM
Nicaragua,0,LM
Nicaragua,0,LM
Nicaragua,0,LM
Nicaragua,0,LM
Nicaragua,0,LM
Nicaragua,0,LM
Nicaragua,0,LM
Nicaragua,0,LM
Nicaragua,0,LM
Nicaragua,0,LM
Nicaragua,0,LM
Nicaragua,0,LM
Nicaragua,0,LM
Nicaragua,0,LM
Nicaragua,0,LM
Nicaragua,0,LM
Nicaragua,0,LM
Nicaragua,0,LM
Nicaragua,0,LM
Nicaragua,0,LM
Nicaragua,0,LM
Nicaragua,0,LM
Nicaragua,0,LM
Nicaragua,0,LM
Niger,0,L
Niger,0,L
Niger,0,L
Niger,0,L
Niger,0,L
Niger,0,L
Niger,0,L
Niger,0,L
Niger,0,L
Niger,0,L
Niger,0,L
Niger,0,L
Niger,0,L
Niger,0,L
Niger,0,L
Niger,0,L
Niger,0,L
Niger,0,L
Niger,0,L
Niger,0,L
Niger,0,L
Niger,0,L
Niger,0,L
Niger,0,L
Niger,0,L
Niger,0,L
Niger,0,L
Niger,0,L
Niger,0,L
Niger,0,L
Niger,0,L
Niger,0,L
Niger,0,L
Niger,0,L
Niger,0,L
Niger,0,L
Niger,0,L
Niger,0,L
Niger,0,L
Niger,0,L
Niger,0,L
Niger,0,L
Niger,0,L
Niger,0,L
Niger,0,L
Niger,0,L
Niger,0,L
Niger,0,L
Niger,0,L
Niger,0,L
Niger,0,L
Niger,0,L
Niger,0,L
Niger,0,L
Niger,0,L
Niger,0,L
Niger,0,L
Niger,0,L
Niger,0,L
Niger,0,L
Niger,0,L
Niger,0,L
Niger,0,L
Niger,0,L
Niger,0,L
Niger,0,L
Niger,0,L
Niger,0,L
Niger,0,L
Niger,0,L
Niger,0,L
Niger,0,L
Niger,0,L
Niger,0,L
Niger,0,L
Niger,0,L
Niger,0,L
Niger,0,L
Niger,0,L
Niger,0,L
Niger,0,L
Niger,0,L
Niger,0,L
Niger,0,L
Niger,0,L
Niger,0,L
Niger,0,L
Niger,0,L
Niger,0,L
Niger,0,L
Niger,0,L
Niger,0,L
Niger,0,L
Niger,0,L
Niger,0,L
Niger,0,L
Niger,0,L
Niger,0,L
Niger,0,L
Niger,0,L
Niger,0,L
Niger,0,L
Pakistan,1,L
Pakistan,1,L
Pakistan,1,L
Pakistan,1,L
Pakistan,1,L
Pakistan,1,L
Pakistan,1,L
Pakistan,1,L
Pakistan,1,L
Pakistan,1,L
Pakistan,1,L
Pakistan,1,L
Pakistan,1,L
Pakistan,1,L
Pakistan,1,L
Pakistan,1,L
Pakistan,1,L
Pakistan,1,L
Pakistan,1,L
Pakistan,1,L
Pakistan,1,L
Pakistan,1,L
Pakistan,1,L
Pakistan,1,L
Pakistan,1,L
Pakistan,1,L
Pakistan,1,L
Pakistan,1,L
Pakistan,1,L
Pakistan,1,L
Pakistan,1,L
Pakistan,1,L
Pakistan,1,L
Pakistan,1,L
Pakistan,1,L
Pakistan,1,L
Pakistan,1,L
Pakistan,1,L
Pakistan,1,L
Pakistan,1,L
Pakistan,1,L
Pakistan,1,L
Pakistan,1,L
Pakistan,1,L
Pakistan,1,L
Pakistan,1,L
Pakistan,1,L
Pakistan,1,L
Pakistan,1,L
Pakistan,1,L
Pakistan,1,L
Pakistan,1,L
Pakistan,1,L
Pakistan,1,L
Pakistan,1,L
Pakistan,1,L
Pakistan,1,L
Pakistan,1,L
Pakistan,1,L
Pakistan,1,L
Pakistan,1,L
Pakistan,1,L
Pakistan,1,L
Pakistan,1,L
Pakistan,1,L
Pakistan,1,L
Pakistan,1,L
Pakistan,1,L
Pakistan,1,L
Pakistan,1,L
Pakistan,1,L
Pakistan,1,L
Pakistan,1,L
Pakistan,1,L
Pakistan,1,L
Pakistan,1,L
Pakistan,1,L
Pakistan,1,L
Pakistan,1,L
Pakistan,1,L
Pakistan,1,L
Pakistan,1,L
Pakistan,1,L
Pakistan,1,L
Pakistan,1,L
Pakistan,1,L
Pakistan,1,L
Pakistan,1,L
Pakistan,1,L
Pakistan,1,L
Pakistan,1,L
Pakistan,1,L
Pakistan,1,L
Pakistan,1,L
Pakistan,1,L
Pakistan,1,L
Pakistan,1,L
Pakistan,1,L
Pakistan,1,L
Pakistan,1,L
Pakistan,1,L
Pakistan,1,L
Philippines,0,LM
Philippines,0,LM
Philippines,0,LM
Philippines,0,LM
Philippines,0,LM
Philippines,0,LM
Philippines,0,LM
Philippines,0,LM
Philippines,0,LM
Philippines,0,LM
Philippines,0,LM
Philippines,0,LM
Philippines,0,LM
Philippines,0,LM
Philippines,0,LM
Philippines,0,LM
Philippines,0,LM
Philippines,0,LM
Philippines,0,LM
Philippines,0,LM
Philippines,0,LM
Philippines,0,LM
Philippines,0,LM
Philippines,0,LM
Philippines,0,LM
Philippines,0,LM
Philippines,0,LM
Philippines,0,LM
Philippines,0,LM
Philippines,0,LM
Philippines,0,LM
Philippines,0,LM
Philippines,0,LM
Philippines,0,LM
Philippines,0,LM
Philippines,0,LM
Philippines,0,LM
Philippines,0,LM
Philippines,0,LM
Philippines,0,LM
Philippines,0,LM
Philippines,0,LM
Philippines,0,LM
Philippines,0,LM
Philippines,0,LM
Philippines,0,LM
Philippines,0,LM
Philippines,0,LM
Philippines,0,LM
Philippines,0,LM
Philippines,0,LM
Philippines,0,LM
Philippines,0,LM
Philippines,0,LM
Philippines,0,LM
Philippines,0,LM
Philippines,0,LM
Philippines,0,LM
Philippines,0,LM
Philippines,0,LM
Philippines,0,LM
Philippines,0,LM
Philippines,0,LM
Philippines,0,LM
Philippines,0,LM
Philippines,0,LM
Philippines,0,LM
Philippines,0,LM
Philippines,0,LM
Philippines,0,LM
Philippines,0,LM
Philippines,0,LM
Philippines,0,LM
Philippines,0,LM
Philippines,0,LM
Philippines,0,LM
Philippines,0,LM
Philippines,0,LM
Philippines,0,LM
Philippines,0,LM
Philippines,0,LM
Philippines,0,LM
Philippines,0,LM
Philippines,0,LM
Philippines,0,LM
Philippines,0,LM
Philippines,0,LM
Philippines,0,LM
Philippines,0,LM
Philippines,0,LM
Philippines,0,LM
Philippines,0,LM
Philippines,0,LM
Philippines,0,LM
Philippines,0,LM
Philippines,0,LM
Philippines,0,LM
Philippines,0,LM
Philippines,0,LM
Philippines,0,LM
Philippines,0,LM
Philippines,0,LM
Sierra Leone,0,L
Sierra Leone,0,L
Sierra Leone,0,L
Sierra Leone,0,L
Sierra Leone,0,L
Sierra Leone,0,L
Sierra Leone,0,L
Sierra Leone,0,L
Sierra Leone,0,L
Sierra Leone,0,L
Sierra Leone,0,L
Sierra Leone,0,L
Sierra Leone,0,L
Sierra Leone,0,L
Sierra Leone,0,L
Sierra Leone,0,L
Sierra Leone,0,L
Sierra Leone,0,L
Sierra Leone,0,L
Sierra Leone,0,L
Sierra Leone,0,L
Sierra Leone,0,L
Sierra Leone,0,L
Sierra Leone,0,L
Sierra Leone,0,L
Sierra Leone,0,L
Sierra Leone,0,L
Sierra Leone,0,L
Sierra Leone,0,L
Sierra Leone,0,L
Sierra Leone,0,L
Sierra Leone,0,L
Sierra Leone,0,L
Sierra Leone,0,L
Sierra Leone,0,L
Sierra Leone,0,L
Sierra Leone,0,L
Sierra Leone,0,L
Sierra Leone,0,L
Sierra Leone,0,L
Sierra Leone,0,L
Sierra Leone,0,L
Sierra Leone,0,L
Sierra Leone,0,L
Sierra Leone,0,L
Sierra Leone,0,L
Sierra Leone,0,L
Sierra Leone,0,L
Sierra Leone,0,L
Sierra Leone,0,L
Sierra Leone,0,L
Sierra Leone,0,L
Sierra Leone,0,L
Sierra Leone,0,L
Sierra Leone,0,L
Sierra Leone,0,L
Sierra Leone,0,L
Sierra Leone,0,L
Sierra Leone,0,L
Sierra Leone,0,L
Sierra Leone,0,L
Sierra Leone,0,L
Sierra Leone,0,L
Sierra Leone,0,L
Sierra Leone,0,L
Sierra Leone,0,L
Sierra Leone,0,L
Sierra Leone,0,L
Sierra Leone,0,L
Sierra Leone,0,L
Sierra Leone,0,L
Sierra Leone,0,L
Sierra Leone,0,L
Sierra Leone,0,L
Sierra Leone,0,L
Sierra Leone,0,L
Sierra Leone,0,L
Sierra Leone,0,L
Sierra Leone,0,L
Sierra Leone,0,L
Sierra Leone,0,L
Sierra Leone,0,L
Sierra Leone,0,L
Sierra Leone,0,L
Sierra Leone,0,L
Sierra Leone,0,L
Sierra Leone,0,L
Sierra Leone,0,L
Sierra Leone,0,L
Sierra Leone,0,L
Sierra Leone,0,L
Sierra Leone,0,L
Sierra Leone,0,L
Sierra Leone,0,L
Sierra Leone,0,L
Sierra Leone,0,L
Sierra Leone,0,L
Sierra Leone,0,L
Sierra Leone,0,L
Sierra Leone,0,L
Sierra Leone,0,L
Sierra Leone,0,L
South Africa,1,UM
South Africa,1,UM
South Africa,1,UM
South Africa,1,UM
South Africa,1,UM
South Africa,1,UM
South Africa,1,UM
South Africa,1,UM
South Africa,1,UM
South Africa,1,UM
South Africa,1,UM
South Africa,1,UM
South Africa,1,UM
South Africa,1,UM
South Africa,1,UM
South Africa,1,UM
South Africa,1,UM
South Africa,1,UM
South Africa,1,UM
South Africa,1,UM
South Africa,1,UM
South Africa,1,UM
South Africa,1,UM
South Africa,1,UM
South Africa,1,UM
South Africa,1,UM
South Africa,1,UM
South Africa,1,UM
South Africa,1,UM
South Africa,1,UM
South Africa,1,UM
South Africa,1,UM
South Africa,1,UM
South Africa,1,UM
South Africa,1,UM
South Africa,1,UM
South Africa,1,UM
South Africa,1,UM
South Africa,1,UM
South Africa,1,UM
South Africa,1,UM
South Africa,1,UM
South Africa,1,UM
South Africa,1,UM
South Africa,1,UM
South Africa,1,UM
South Africa,1,UM
South Africa,1,UM
South Africa,1,UM
South Africa,1,UM
South Africa,1,UM
South Africa,1,UM
South Africa,1,UM
South Africa,1,UM
South Africa,1,UM
South Africa,1,UM
South Africa,1,UM
South Africa,1,UM
South Africa,1,UM
South Africa,1,UM
South Africa,1,UM
South Africa,1,UM
South Africa,1,UM
South Africa,1,UM
South Africa,1,UM
South Africa,1,UM
South Africa,1,UM
South Africa,1,UM
South Africa,1,UM
South Africa,1,UM
South Africa,1,UM
South Africa,1,UM
South Africa,1,UM
South Africa,1,UM
South Africa,1,UM
South Africa,1,UM
South Africa,1,UM
South Africa,1,UM
South Africa,1,UM
South Africa,1,UM
South Africa,1,UM
South Africa,1,UM
South Africa,1,UM
South Africa,1,UM
South Africa,1,UM
South Africa,1,UM
South Africa,1,UM
South Africa,1,UM
South Africa,1,UM
South Africa,1,UM
South Africa,1,UM
South Africa,1,UM
South Africa,1,UM
South Africa,1,UM
South Africa,1,UM
South Africa,1,UM
South Africa,1,UM
South Africa,1,UM
South Africa,1,UM
South Africa,1,UM
South Africa,1,UM
South Africa,1,UM
Sri Lanka,0,LM
Sri Lanka,0,LM
Sri Lanka,0,LM
Sri Lanka,0,LM
Sri Lanka,0,LM
Sri Lanka,0,LM
Sri Lanka,0,LM
Sri Lanka,0,LM
Sri Lanka,0,LM
Sri Lanka,0,LM
Sri Lanka,0,LM
Sri Lanka,0,LM
Sri Lanka,0,LM
Sri Lanka,0,LM
Sri Lanka,0,LM
Sri Lanka,0,LM
Sri Lanka,0,LM
Sri Lanka,0,LM
Sri Lanka,0,LM
Sri Lanka,0,LM
Sri Lanka,0,LM
Sri Lanka,0,LM
Sri Lanka,0,LM
Sri Lanka,0,LM
Sri Lanka,0,LM
Sri Lanka,0,LM
Sri Lanka,0,LM
Sri Lanka,0,LM
Sri Lanka,0,LM
Sri Lanka,0,LM
Sri Lanka,0,LM
Sri Lanka,0,LM
Sri Lanka,0,LM
Sri Lanka,0,LM
Sri Lanka,0,LM
Sri Lanka,0,LM
Sri Lanka,0,LM
Sri Lanka,0,LM
Sri Lanka,0,LM
Sri Lanka,0,LM
Sri Lanka,0,LM
Sri Lanka,0,LM
Sri Lanka,0,LM
Sri Lanka,0,LM
Sri Lanka,0,LM
Sri Lanka,0,LM
Sri Lanka,0,LM
Sri Lanka,0,LM
Sri Lanka,0,LM
Sri Lanka,0,LM
Sri Lanka,0,LM
Sri Lanka,0,LM
Sri Lanka,0,LM
Sri Lanka,0,LM
Sri Lanka,0,LM
Sri Lanka,0,LM
Sri Lanka,0,LM
Sri Lanka,0,LM
Sri Lanka,0,LM
Sri Lanka,0,LM
Sri Lanka,0,LM
Sri Lanka,0,LM
Sri Lanka,0,LM
Sri Lanka,0,LM
Sri Lanka,0,LM
Sri Lanka,0,LM
Sri Lanka,0,LM
Sri Lanka,0,LM
Sri Lanka,0,LM
Sri Lanka,0,LM
Sri Lanka,0,LM
Sri Lanka,0,LM
Sri Lanka,0,LM
Sri Lanka,0,LM
Sri Lanka,0,LM
Sri Lanka,0,LM
Sri Lanka,0,LM
Sri Lanka,0,LM
Sri Lanka,0,LM
Sri Lanka,0,LM
Sri Lanka,0,LM
Sri Lanka,0,LM
Sri Lanka,0,LM
Sri Lanka,0,LM
Sri Lanka,0,LM
Sri Lanka,0,LM
Sri Lanka,0,LM
Sri Lanka,0,LM
Sri Lanka,0,LM
Sri Lanka,0,LM
Sri Lanka,0,LM
Sri Lanka,0,LM
Sri Lanka,0,LM
Sri Lanka,0,LM
Sri Lanka,0,LM
Sri Lanka,0,LM
Sri Lanka,0,LM
Sri Lanka,0,LM
Sri Lanka,0,LM
Sri Lanka,0,LM
Sri Lanka,0,LM
Sri Lanka,0,LM
Sweden,2,H
Sweden,2,H
Sweden,2,H
Sweden,2,H
Sweden,2,H
Sweden,2,H
Sweden,2,H
Sweden,2,H
Sweden,2,H
Sweden,2,H
Sweden,2,H
Sweden,2,H
Sweden,2,H
Sweden,2,H
Sweden,2,H
Sweden,2,H
Sweden,2,H
Sweden,2,H
Sweden,2,H
Sweden,2,H
Sweden,2,H
Sweden,2,H
Sweden,2,H
Sweden,2,H
Sweden,2,H
Sweden,2,H
Sweden,2,H
Sweden,2,H
Sweden,2,H
Sweden,2,H
Sweden,2,H
Sweden,2,H
Sweden,2,H
Sweden,2,H
Sweden,2,H
Sweden,2,H
Sweden,2,H
Sweden,2,H
Sweden,2,H
Sweden,2,H
Sweden,2,H
Sweden,2,H
Sweden,2,H
Sweden,2,H
Sweden,2,H
Sweden,2,H
Sweden,2,H
Sweden,2,H
Sweden,2,H
Sweden,2,H
Sweden,2,H
Sweden,2,H
Sweden,2,H
Sweden,2,H
Sweden,2,H
Sweden,2,H
Sweden,2,H
Sweden,2,H
Sweden,2,H
Sweden,2,H
Sweden,2,H
Sweden,2,H
Sweden,2,H
Sweden,2,H
Sweden,2,H
Sweden,2,H
Sweden,2,H
Sweden,2,H
Sweden,2,H
Sweden,2,H
Sweden,2,H
Sweden,2,H
Sweden,2,H
Sweden,2,H
Sweden,2,H
Sweden,2,H
Sweden,2,H
Sweden,2,H
Sweden,2,H
Sweden,2,H
Sweden,2,H
Sweden,2,H
Sweden,2,H
Sweden,2,H
Sweden,2,H
Sweden,2,H
Sweden,2,H
Sweden,2,H
Sweden,2,H
Sweden,2,H
Sweden,2,H
Sweden,2,H
Sweden,2,H
Sweden,2,H
Sweden,2,H
Sweden,2,H
Sweden,2,H
Sweden,2,H
Sweden,2,H
Sweden,2,H
Sweden,2,H
Sweden,2,H
Switzerland,2,H
Switzerland,2,H
Switzerland,2,H
Switzerland,2,H
Switzerland,2,H
Switzerland,2,H
Switzerland,2,H
Switzerland,2,H
Switzerland,2,H
Switzerland,2,H
Switzerland,2,H
Switzerland,2,H
Switzerland,2,H
Switzerland,2,H
Switzerland,2,H
Switzerland,2,H
Switzerland,2,H
Switzerland,2,H
Switzerland,2,H
Switzerland,2,H
Switzerland,2,H
Switzerland,2,H
Switzerland,2,H
Switzerland,2,H
Switzerland,2,H
Switzerland,2,H
Switzerland,2,H
Switzerland,2,H
Switzerland,2,H
Switzerland,2,H
Switzerland,2,H
Switzerland,2,H
Switzerland,2,H
Switzerland,2,H
Switzerland,2,H
Switzerland,2,H
Switzerland,2,H
Switzerland,2,H
Switzerland,2,H
Switzerland,2,H
Switzerland,2,H
Switzerland,2,H
Switzerland,2,H
Switzerland,2,H
Switzerland,2,H
Switzerland,2,H
Switzerland,2,H
Switzerland,2,H
Switzerland,2,H
Switzerland,2,H
Switzerland,2,H
Switzerland,2,H
Switzerland,2,H
Switzerland,2,H
Switzerland,2,H
Switzerland,2,H
Switzerland,2,H
Switzerland,2,H
Switzerland,2,H
Switzerland,2,H
Switzerland,2,H
Switzerland,2,H
Switzerland,2,H
Switzerland,2,H
Switzerland,2,H
Switzerland,2,H
Switzerland,2,H
Switzerland,2,H
Switzerland,2,H
Switzerland,2,H
Switzerland,2,H
Switzerland,2,H
Switzerland,2,H
Switzerland,2,H
Switzerland,2,H
Switzerland,2,H
Switzerland,2,H
Switzerland,2,H
Switzerland,2,H
Switzerland,2,H
Switzerland,2,H
Switzerland,2,H
Switzerland,2,H
Switzerland,2,H
Switzerland,2,H
Switzerland,2,H
Switzerland,2,H
Switzerland,2,H
Switzerland,2,H
Switzerland,2,H
Switzerland,2,H
Switzerland,2,H
Switzerland,2,H
Switzerland,2,H
Switzerland,2,H
Switzerland,2,H
Switzerland,2,H
Switzerland,2,H
Switzerland,2,H
Switzerland,2,H
Switzerland,2,H
Switzerland,2,H
Thailand,0,LM
Thailand,0,LM
Thailand,0,LM
Thailand,0,LM
Thailand,0,LM
Thailand,0,LM
Thailand,0,LM
Thailand,0,LM
Thailand,0,LM
Thailand,0,LM
Thailand,0,LM
Thailand,0,LM
Thailand,0,LM
Thailand,0,LM
Thailand,0,LM
Thailand,0,LM
Thailand,0,LM
Thailand,0,LM
Thailand,0,LM
Thailand,0,LM
Thailand,0,LM
Thailand,0,LM
Thailand,0,LM
Thailand,0,LM
Thailand,0,LM
Thailand,0,LM
Thailand,0,LM
Thailand,0,LM
Thailand,0,LM
Thailand,0,LM
Thailand,0,LM
Thailand,0,LM
Thailand,0,LM
Thailand,0,LM
Thailand,0,LM
Thailand,0,LM
Thailand,0,LM
Thailand,0,LM
Thailand,0,LM
Thailand,0,LM
Thailand,0,LM
Thailand,0,LM
Thailand,0,LM
Thailand,0,LM
Thailand,0,LM
Thailand,0,LM
Thailand,0,LM
Thailand,0,LM
Thailand,0,LM
Thailand,0,LM
Thailand,0,LM
Thailand,0,LM
Thailand,0,LM
Thailand,0,LM
Thailand,0,LM
Thailand,0,LM
Thailand,0,LM
Thailand,0,LM
Thailand,0,LM
Thailand,0,LM
Thailand,0,LM
Thailand,0,LM
Thailand,0,LM
Thailand,0,LM
Thailand,0,LM
Thailand,0,LM
Thailand,0,LM
Thailand,0,LM
Thailand,0,LM
Thailand,0,LM
Thailand,0,LM
Thailand,0,LM
Thailand,0,LM
Thailand,0,LM
Thailand,0,LM
Thailand,0,LM
Thailand,0,LM
Thailand,0,LM
Thailand,0,LM
Thailand,0,LM
Thailand,0,LM
Thailand,0,LM
Thailand,0,LM
Thailand,0,LM
Thailand,0,LM
Thailand,0,LM
Thailand,0,LM
Thailand,0,LM
Thailand,0,LM
Thailand,0,LM
Thailand,0,LM
Thailand,0,LM
Thailand,0,LM
Thailand,0,LM
Thailand,0,LM
Thailand,0,LM
Thailand,0,LM
Thailand,0,LM
Thailand,0,LM
Thailand,0,LM
Thailand,0,LM
Thailand,0,LM
Tunisia,1,LM
Tunisia,1,LM
Tunisia,1,LM
Tunisia,1,LM
Tunisia,1,LM
Tunisia,1,LM
Tunisia,1,LM
Tunisia,1,LM
Tunisia,1,LM
Tunisia,1,LM
Tunisia,1,LM
Tunisia,1,LM
Tunisia,1,LM
Tunisia,1,LM
Tunisia,1,LM
Tunisia,1,LM
Tunisia,1,LM
Tunisia,1,LM
Tunisia,1,LM
Tunisia,1,LM
Tunisia,1,LM
Tunisia,1,LM
Tunisia,1,LM
Tunisia,1,LM
Tunisia,1,LM
Tunisia,1,LM
Tunisia,1,LM
Tunisia,1,LM
Tunisia,1,LM
Tunisia,1,LM
Tunisia,1,LM
Tunisia,1,LM
Tunisia,1,LM
Tunisia,1,LM
Tunisia,1,LM
Tunisia,1,LM
Tunisia,1,LM
Tunisia,1,LM
Tunisia,1,LM
Tunisia,1,LM
Tunisia,1,LM
Tunisia,1,LM
Tunisia,1,LM
Tunisia,1,LM
Tunisia,1,LM
Tunisia,1,LM
Tunisia,1,LM
Tunisia,1,LM
Tunisia,1,LM
Tunisia,1,LM
Tunisia,1,LM
Tunisia,1,LM
Tunisia,1,LM
Tunisia,1,LM
Tunisia,1,LM
Tunisia,1,LM
Tunisia,1,LM
Tunisia,1,LM
Tunisia,1,LM
Tunisia,1,LM
Tunisia,1,LM
Tunisia,1,LM
Tunisia,1,LM
Tunisia,1,LM
Tunisia,1,LM
Tunisia,1,LM
Tunisia,1,LM
Tunisia,1,LM
Tunisia,1,LM
Tunisia,1,LM
Tunisia,1,LM
Tunisia,1,LM
Tunisia,1,LM
Tunisia,1,LM
Tunisia,1,LM
Tunisia,1,LM
Tunisia,1,LM
Tunisia,1,LM
Tunisia,1,LM
Tunisia,1,LM
Tunisia,1,LM
Tunisia,1,LM
Tunisia,1,LM
Tunisia,1,LM
Tunisia,1,LM
Tunisia,1,LM
Tunisia,1,LM
Tunisia,1,LM
Tunisia,1,LM
Tunisia,1,LM
Tunisia,1,LM
Tunisia,1,LM
Tunisia,1,LM
Tunisia,1,LM
Tunisia,1,LM
Tunisia,1,LM
Tunisia,1,LM
Tunisia,1,LM
Tunisia,1,LM
Tunisia,1,LM
Tunisia,1,LM
Tunisia,1,LM
Uganda,0,L
Uganda,0,L
Uganda,0,L
Uganda,0,L
Uganda,0,L
Uganda,0,L
Uganda,0,L
Uganda,0,L
Uganda,0,L
Uganda,0,L
Uganda,0,L
Uganda,0,L
Uganda,0,L
Uganda,0,L
Uganda,0,L
Uganda,0,L
Uganda,0,L
Uganda,0,L
Uganda,0,L
Uganda,0,L
Uganda,0,L
Uganda,0,L
Uganda,0,L
Uganda,0,L
Uganda,0,L
Uganda,0,L
Uganda,0,L
Uganda,0,L
Uganda,0,L
Uganda,0,L
Uganda,0,L
Uganda,0,L
Uganda,0,L
Uganda,0,L
Uganda,0,L
Uganda,0,L
Uganda,0,L
Uganda,0,L
Uganda,0,L
Uganda,0,L
Uganda,0,L
Uganda,0,L
Uganda,0,L
Uganda,0,L
Uganda,0,L
Uganda,0,L
Uganda,0,L
Uganda,0,L
Uganda,0,L
Uganda,0,L
Uganda,0,L
Uganda,0,L
Uganda,0,L
Uganda,0,L
Uganda,0,L
Uganda,0,L
Uganda,0,L
Uganda,0,L
Uganda,0,L
Uganda,0,L
Uganda,0,L
Uganda,0,L
Uganda,0,L
Uganda,0,L
Uganda,0,L
Uganda,0,L
Uganda,0,L
Uganda,0,L
Uganda,0,L
Uganda,0,L
Uganda,0,L
Uganda,0,L
Uganda,0,L
Uganda,0,L
Uganda,0,L
Uganda,0,L
Uganda,0,L
Uganda,0,L
Uganda,0,L
Uganda,0,L
Uganda,0,L
Uganda,0,L
Uganda,0,L
Uganda,0,L
Uganda,0,L
Uganda,0,L
Uganda,0,L
Uganda,0,L
Uganda,0,L
Uganda,0,L
Uganda,0,L
Uganda,0,L
Uganda,0,L
Uganda,0,L
Uganda,0,L
Uganda,0,L
Uganda,0,L
Uganda,0,L
Uganda,0,L
Uganda,0,L
Uganda,0,L
Uganda,0,L
Ukraine,2,LM
Ukraine,2,LM
Ukraine,2,LM
Ukraine,2,LM
Ukraine,2,LM
Ukraine,2,LM
Ukraine,2,LM
Ukraine,2,LM
Ukraine,2,LM
Ukraine,2,LM
Ukraine,2,LM
Ukraine,2,LM
Ukraine,2,LM
Ukraine,2,LM
Ukraine,2,LM
Ukraine,2,LM
Ukraine,2,LM
Ukraine,2,LM
Ukraine,2,LM
Ukraine,2,LM
Ukraine,2,LM
Ukraine,2,LM
Ukraine,2,LM
Ukraine,2,LM
Ukraine,2,LM
Ukraine,2,LM
Ukraine,2,LM
Ukraine,2,LM
Ukraine,2,LM
Ukraine,2,LM
Ukraine,2,LM
Ukraine,2,LM
Ukraine,2,LM
Ukraine,2,LM
Ukraine,2,LM
Ukraine,2,LM
Ukraine,2,LM
Ukraine,2,LM
Ukraine,2,LM
Ukraine,2,LM
Ukraine,2,LM
Ukraine,2,LM
Ukraine,2,LM
Ukraine,2,LM
Ukraine,2,LM
Ukraine,2,LM
Ukraine,2,LM
Ukraine,2,LM
Ukraine,2,LM
Ukraine,2,LM
Ukraine,2,LM
Ukraine,2,LM
Ukraine,2,LM
Ukraine,2,LM
Ukraine,2,LM
Ukraine,2,LM
Ukraine,2,LM
Ukraine,2,LM
Ukraine,2,LM
Ukraine,2,LM
Ukraine,2,LM
Ukraine,2,LM
Ukraine,2,LM
Ukraine,2,LM
Ukraine,2,LM
Ukraine,2,LM
Ukraine,2,LM
Ukraine,2,LM
Ukraine,2,LM
Ukraine,2,LM
Ukraine,2,LM
Ukraine,2,LM
Ukraine,2,LM
Ukraine,2,LM
Ukraine,2,LM
Ukraine,2,LM
Ukraine,2,LM
Ukraine,2,LM
Ukraine,2,LM
Ukraine,2,LM
Ukraine,2,LM
Ukraine,2,LM
Ukraine,2,LM
Ukraine,2,LM
Ukraine,2,LM
Ukraine,2,LM
Ukraine,2,LM
Ukraine,2,LM
Ukraine,2,LM
Ukraine,2,LM
Ukraine,2,LM
Ukraine,2,LM
Ukraine,2,LM
Ukraine,2,LM
Ukraine,2,LM
Ukraine,2,LM
Ukraine,2,LM
Ukraine,2,LM
Ukraine,2,LM
Ukraine,2,LM
Ukraine,2,LM
Ukraine,2,LM
United States of America,1,H
United States of America,1,H
United States of America,1,H
United States of America,1,H
United States of America,1,H
United States of America,1,H
United States of America,1,H
United States of America,1,H
United States of America,1,H
United States of America,1,H
United States of America,1,H
United States of America,1,H
United States of America,1,H
United States of America,1,H
United States of America,1,H
United States of America,1,H
United States of America,1,H
United States of America,1,H
United States of America,1,H
United States of America,1,H
United States of America,1,H
United States of America,1,H
United States of America,1,H
United States of America,1,H
United States of America,1,H
United States of America,1,H
United States of America,1,H
United States of America,1,H
United States of America,1,H
United States of America,1,H
United States of America,1,H
United States of America,1,H
United States of America,1,H
United States of America,1,H
United States of America,1,H
United States of America,1,H
United States of America,1,H
United States of America,1,H
United States of America,1,H
United States of America,1,H
United States of America,1,H
United States of America,1,H
United States of America,1,H
United States of America,1,H
United States of America,1,H
United States of America,1,H
United States of America,1,H
United States of America,1,H
United States of America,1,H
United States of America,1,H
United States of America,1,H
United States of America,1,H
United States of America,1,H
United States of America,1,H
United States of America,1,H
United States of America,1,H
United States of America,1,H
United States of America,1,H
United States of America,1,H
United States of America,1,H
United States of America,1,H
United States of America,1,H
United States of America,1,H
United States of America,1,H
United States of America,1,H
United States of America,1,H
United States of America,1,H
United States of America,1,H
United States of America,1,H
United States of America,1,H
United States of America,1,H
United States of America,1,H
United States of America,1,H
United States of America,1,H
United States of America,1,H
United States of America,1,H
United States of America,1,H
United States of America,1,H
United States of America,1,H
United States of America,1,H
United States of America,1,H
United States of America,1,H
United States of America,1,H
United States of America,1,H
United States of America,1,H
United States of America,1,H
United States of America,1,H
United States of America,1,H
United States of America,1,H
United States of America,1,H
United States of America,1,H
United States of America,1,H
United States of America,1,H
United States of America,1,H
United States of America,1,H
United States of America,1,H
United States of America,1,H
United States of America,1,H
United States of America,1,H
United States of America,1,H
United States of America,1,H
United States of America,1,H
Zimbabwe,0,L
Zimbabwe,0,L
Zimbabwe,0,L
Zimbabwe,0,L
Zimbabwe,0,L
Zimbabwe,0,L
Zimbabwe,0,L
Zimbabwe,0,L
Zimbabwe,0,L
Zimbabwe,0,L
Zimbabwe,0,L
Zimbabwe,0,L
Zimbabwe,0,L
Zimbabwe,0,L
Zimbabwe,0,L
Zimbabwe,0,L
Zimbabwe,0,L
Zimbabwe,0,L
Zimbabwe,0,L
Zimbabwe,0,L
Zimbabwe,0,L
Zimbabwe,0,L
Zimbabwe,0,L
Zimbabwe,0,L
Zimbabwe,0,L
Zimbabwe,0,L
Zimbabwe,0,L
Zimbabwe,0,L
Zimbabwe,0,L
Zimbabwe,0,L
Zimbabwe,0,L
Zimbabwe,0,L
Zimbabwe,0,L
Zimbabwe,0,L
Zimbabwe,0,L
Zimbabwe,0,L
Zimbabwe,0,L
Zimbabwe,0,L
Zimbabwe,0,L
Zimbabwe,0,L
Zimbabwe,0,L
Zimbabwe,0,L
Zimbabwe,0,L
Zimbabwe,0,L
Zimbabwe,0,L
Zimbabwe,0,L
Zimbabwe,0,L
Zimbabwe,0,L
Zimbabwe,0,L
Zimbabwe,0,L
Zimbabwe,0,L
Zimbabwe,0,L
Zimbabwe,0,L
Zimbabwe,0,L
Zimbabwe,0,L
Zimbabwe,0,L
Zimbabwe,0,L
Zimbabwe,0,L
Zimbabwe,0,L
Zimbabwe,0,L
Zimbabwe,0,L
Zimbabwe,0,L
Zimbabwe,0,L
Zimbabwe,0,L
Zimbabwe,0,L
Zimbabwe,0,L
Zimbabwe,0,L
Zimbabwe,0,L
Zimbabwe,0,L
Zimbabwe,0,L
Zimbabwe,0,L
Zimbabwe,0,L
Zimbabwe,0,L
Zimbabwe,0,L
Zimbabwe,0,L
Zimbabwe,0,L
Zimbabwe,0,L
Zimbabwe,0,L
Zimbabwe,0,L
Zimbabwe,0,L
Zimbabwe,0,L
Zimbabwe,0,L
Zimbabwe,0,L
Zimbabwe,0,L
Zimbabwe,0,L
Zimbabwe,0,L
Zimbabwe,0,L
Zimbabwe,0,L
Zimbabwe,0,L
Zimbabwe,0,L
Zimbabwe,0,L
Zimbabwe,0,L
Zimbabwe,0,L
Zimbabwe,0,L
Zimbabwe,0,L
Zimbabwe,0,L
Zimbabwe,0,L
Zimbabwe,0,L
Zimbabwe,0,L
Zimbabwe,0,L
Zimbabwe,0,L
Zimbabwe,0,L
